idx,title,start_date,start_time,end_date,end_time,when_raw,address_line,city,state,link
1,Jazz Brunch with The Noah Peterson Quartet,DEC 28,11 AM CST,DEC 28,2 PM CST,"Sun, Dec 28, 11 AM – 2 PM CST","The Dodging Duck Brewhaus & Restaurant, 402 River Rd",Boerne,TX,https://open.spotify.com/concert/0AmqIBsxfqECuaSimpCNkn
2,Live Music at Valeria Restaurant,DEC 27,6 PM CST,DEC 28,,"Sat, Dec 27, 6 PM – Sun, Dec 28, 9 PM CST","Valeria Restaurant, 109 Waterview Pkwy STE 105",Boerne,TX,https://theboernelife.com/events/live-music-at-valeria-restaurant/2025-12-27/
3,1940's Night at the USO Gala Presented by VFW Post 688,FEB 28,11 PM CST,FEB 28,,"Sat, Feb 28, 8 – 11 PM CST","The Cana Ballroom, 202 W Kronkosky St",Boerne,TX,https://business.boerne.org/events/details/1940-s-night-at-the-uso-gala-31518
4,Boerne Market Days,MAR 8,10 AM CDT,MAR 8,4 PM CDT,"Sun, Mar 8, 10 AM – 4 PM CDT",Main Plaza,Boerne,TX,https://business.boerne.org/events/details/boerne-market-days-03-08-2026-30467
5,Boerne Market Days,FEB 8,10 AM CST,FEB 8,4 PM CST,"Sun, Feb 8, 10 AM – 4 PM CST",Main Plaza,Boerne,TX,https://business.boerne.org/events/details/boerne-market-days-02-08-2026-30466?calendarMonth=2026-02-01
6,2026 Boerne Home & Outdoor Living Show,FEB 21,10 AM CST,FEB 22,,"Feb 21, 2026, 10 AM – Feb 22, 2026, 4 PM CST","The Bevy Hotel Boerne, a DoubleTree by Hilton, 101 Herff Rd",Boerne,TX,https://business.boerne.org/events/details/2026-boerne-home-outdoor-living-show-32014
7,Boerne Market Days,JAN 10,10 AM CST,JAN 10,5 PM CST,"Sat, Jan 10, 10 AM – 5 PM CST",Main Plaza,Boerne,TX,http://business.boerne.org/events/details/boerne-market-days-01-10-2026-30338
8,Author Alley,JAN 10,4 PM CST,JAN 10,,"Sat, Jan 10, 12 – 4 PM CST","The Boerne Bookshop, 153 S Main St Ste 120",Boerne,TX,https://theboernelife.com/events/tag/author/map/?tribe-bar-date=2025-12-15
9,Annual Awards Gala presented by BEC,JAN 24,10 PM CST,JAN 24,,"Sat, Jan 24, 6 – 10 PM CST","The Cana Ballroom, 202 W Kronkosky St",Boerne,TX,https://business.boerne.org/events/details/annual-awards-gala-presented-by-bec-31753?calendarMonth=2026-01-01
10,Boerne Market Days,FEB 14,10 AM CST,FEB 14,5 PM CST,"Sat, Feb 14, 10 AM – 5 PM CST",Main Plaza,Boerne,TX,https://business.boerne.org/events/details/boerne-market-days-02-14-2026-30339?calendarMonth=2026-02-01
11,Noah Peterson,FEB 22,11 AM,FEB 22,3 PM,"Sun, Feb 22, 11 AM – 3 PM","The Dodging Duck Brewhaus & Restaurant, 402 River Rd",Boerne,TX,https://open.spotify.com/concert/6wB9P70rZ1HmV48PWnYrTY
12,Masquerade New Year's Eve Party,DEC 31,11:59 PM,DEC 31,,"Wed, Dec 31, 8:00 – 11:59 PM","Ironwood Events at Von Erich Ranch, 1637 Ranch Rd 473",Boerne,TX,https://www.eventbrite.com/e/masquerade-2026-new-years-eve-party-tickets-1925149908199
13,Boerne Market Days,JAN 10,10 AM,JAN 10,5 PM,"Sat, Jan 10, 10 AM – 5 PM",Main Plaza,Boerne,TX,http://business.boerne.org/events/details/boerne-market-days-01-10-2026-30338
14,Murder Mystery Dinner,JAN 15,11:59 PM,JAN 15,,"Thu, Jan 15, 6:00 – 11:59 PM","Richter Tavern, 153 S Main St",Boerne,TX,https://business.boerne.org/events/details/a-deadly-vintage-murder-mystery-at-richter-cork-keg-32050
15,"Dr, Martin Luther King Jr. Memorial",JAN 19,11 AM,JAN 19,,"Mon, Jan 19, 10 – 11 AM",Main Plaza,Boerne,TX,https://www.mobilize.us/texasdemocrats/event/875243/
16,Boerne Market Days,FEB 14,10 AM,FEB 14,5 PM,"Sat, Feb 14, 10 AM – 5 PM",Main Plaza,Boerne,TX,https://business.boerne.org/events/details/boerne-market-days-02-14-2026-30339?calendarMonth=2026-02-01
17,Cibolo Farmers Market at Herff Farm,JAN 3,9 AM,JAN 3,1 PM,"Sat, Jan 3, 9 AM – 1 PM","Herff Farm, 33 Herff Rd",Boerne,TX,https://business.boerne.org/events/details/cibolo-farmers-market-at-herff-farm-01-03-2026-29642?calendarMonth=2026-01-01
18,Turns Clinic,DEC 29,9:00 PM,DEC 29,,"Mon, Dec 29, 8:30 – 9:00 PM",106 City Park Rd,Boerne,TX,https://www.boerneelite.com/event-details/turns-clinic-1
19,Boerne Market Days,MAR 14,10 AM,MAR 14,5 PM,"Sat, Mar 14, 10 AM – 5 PM",Main Plaza,Boerne,TX,https://business.boerne.org/events/details/boerne-market-days-03-14-2026-30340
20,Boerne Market Days,FEB 8,10 AM,FEB 8,4 PM,"Sun, Feb 8, 10 AM – 4 PM",Main Plaza,Boerne,TX,https://business.boerne.org/events/details/boerne-market-days-02-08-2026-30466?calendarMonth=2026-02-01
21,Erica Daniels Music: Free Roam Brewing Company - Solo,MAR 21,10 PM CDT,MAR 21,,"Sat, Mar 21, 6 – 10 PM CDT","Free Roam Brewing Company, 325 S Main St",Boerne,TX,https://www.mysanantonio.com/entertainment/?_evDiscoveryPath=/event/107693383n-erica-daniels-music-free-roam-brewing-company-solo
22,Community Vibes,JAN 30,6:00 PM CST,JAN 30,,"Fri, Jan 30, 5:30 – 6:00 PM CST","Unison Studios: Music Academy, 725 N Main St",Boerne,TX,https://www.groundedmovement.org/schedule/387af194-2a1b-45d0-be31-13692a682ffa_1769815800
23,Community Vibes,FEB 6,6:00 PM CST,FEB 6,,"Fri, Feb 6, 5:30 – 6:00 PM CST","Unison Studios: Music Academy, 725 N Main St",Boerne,TX,https://www.groundedmovement.org/schedule/387af194-2a1b-45d0-be31-13692a682ffa_1770420600
24,Blakgraz LIVE at The Oak of Boerne,JAN 10,8 PM CST,JAN 11,,"Jan 10, 2026, 8 PM – Jan 11, 2026, 12 AM CST","The Oak of Boerne, 605 S Main St",Boerne,TX,https://www.mysanantonio.com/entertainment/?_evDiscoveryPath=/event/107666147n-blakgraz-live-at-the-oak-of-boerne
25,Reality Readers,JAN 26,1 PM CST,JAN 26,,"Mon, Jan 26, 12 – 1 PM CST","Boerne Public Library, 451 N Main St",Boerne,TX,https://theboernelife.com/events/tag/book/week/2026-01-26/
26,Community Vibes,FEB 20,6:00 PM CST,FEB 20,,"Fri, Feb 20, 5:30 – 6:00 PM CST","Unison Studios: Music Academy, 725 N Main St",Boerne,TX,https://www.groundedmovement.org/schedule/387af194-2a1b-45d0-be31-13692a682ffa_1771630200
27,Community Vibes,FEB 27,6:00 PM CST,FEB 27,,"Fri, Feb 27, 5:30 – 6:00 PM CST","Unison Studios: Music Academy, 725 N Main St",Boerne,TX,https://www.groundedmovement.org/schedule/387af194-2a1b-45d0-be31-13692a682ffa_1772235000
28,6th Annual Burns Night Dinner at Richter Boerne,JAN 28,8 PM CST,JAN 28,,"Wed, Jan 28, 6 – 8 PM CST","Richter Tavern, 153 S Main St",Boerne,TX,https://business.boerne.org/events/details/6th-annual-burns-night-dinner-at-richter-boerne-32049
29,Blakgraz LIVE at Tapatio Springs Hill Country Resort,JAN 2,11 PM CST,JAN 2,,"Fri, Jan 2, 7 – 11 PM CST","Tapatio Springs Hill Country Resort, 1 Resort Way",Boerne,TX,https://www.mysanantonio.com/entertainment/?_evDiscoveryPath=/event/107666073n-blakgraz-live-at-tapatio-springs-hill-country-resort
30,Boerne Champion Charger Relays,FEB 5,,FEB 5,,"Thu, Feb 5","Boerne High School, 1 Greyhound Ln",Boerne,TX,https://tx.milesplit.com/meets/710352-boerne-champion-charger-relays-2026/info
31,Community Vibes,MAR 20,,MAR 17,,"sex., 20 de mar., 17:30 – 18:00 GMT-5","Unison Studios: Music Academy, 725 N Main St",Boerne,TX,https://www.groundedmovement.org/schedule/387af194-2a1b-45d0-be31-13692a682ffa_1774045800
32,Community Vibes,,,,,"sex., 27 de fev., 17:30 – 18:00 GMT-6","Unison Studios: Music Academy, 725 N Main St",Boerne,TX,https://www.groundedmovement.org/schedule/387af194-2a1b-45d0-be31-13692a682ffa_1772235000
33,Julian Escobedo,JAN 10,,JAN 18,,"sáb., 10 de jan., 18:00 – 22:00 GMT-6","Free Roam Brewing Company, 325 S Main St",Boerne,TX,https://open.spotify.com/concert/5A9xsgyxXR12diucswiH1d
34,Community Vibes,MAR 13,,MAR 17,,"sex., 13 de mar., 17:30 – 18:00 GMT-5","Unison Studios: Music Academy, 725 N Main St",Boerne,TX,https://www.groundedmovement.org/schedule/387af194-2a1b-45d0-be31-13692a682ffa_1773441000
35,Community Vibes,APR 3,,APR 17,,"sex., 3 de abr., 17:30 – 18:00 GMT-5","Unison Studios: Music Academy, 725 N Main St",Boerne,TX,https://www.groundedmovement.org/schedule/387af194-2a1b-45d0-be31-13692a682ffa_1775255400
36,Boerne Banquet,,,,,"sex., 15 de mai., 17:30 – 22:00 GMT-5","The Cana Ballroom, 202 W Kronkosky St",Boerne,TX,https://ducksunlimited.myeventscenter.com/event/Boerne-Banquet-115714
37,Boerne Market Days,JUN 13,,JUN 10,,"sáb., 13 de jun., 10:00 – 17:00 GMT-5",Main Plaza,Boerne,TX,http://boernechamber.chambermaster.com/events/details/boerne-market-days-06-13-2026-30343
38,6th Annual Burns Night Dinner at Richter Boerne,JAN 28,,JAN 18,,"qua., 28 de jan., 18:00 – 20:00 GMT-6","Richter Tavern, 153 S Main St",Boerne,TX,https://business.boerne.org/events/details/6th-annual-burns-night-dinner-at-richter-boerne-32049
39,Reality Readers,MAR 23,,MAR 12,,"seg., 23 de mar., 12:00 – 13:00 GMT-5","Boerne Public Library, 451 N Main St",Boerne,TX,https://theboernelife.com/events/tag/book/map/page/2/?tribe-bar-date=2025-09-21
40,Comfort Flow,JAN 1,,JAN 8,,"qui., 1 de jan., 08:00 – 09:00 GMT-6","Unison Studios: Music Academy, 725 N Main St",Boerne,TX,https://www.groundedmovement.org/schedule/9a48060d-13d3-4d2c-942e-2b86436e2f45_1767276000
41,Butterfly Clinic,DEC 30,9:00 PM,DEC 30,,"Tue, Dec 30, 8:30 – 9:00 PM",106 City Park Rd,Boerne,TX,https://www.boerneelite.com/event-details/butterfly-clinic-3
42,Restorative Yoga at San Antonio Yoga in Boerne,JAN 3,10 AM,JAN 3,12 PM,"Sat, Jan 3, 10 AM – 12 PM","San Antonio Yoga in Boerne, 101 Oak Ridge Dr",Boerne,TX,https://business.boerne.org/events/details/restorivate-yoga-01-03-2026-31523
43,Community Vibes,JAN 2,6:00 PM,JAN 2,,"Fri, Jan 2, 5:30 – 6:00 PM","Unison Studios: Music Academy, 725 N Main St",Boerne,TX,https://www.groundedmovement.org/schedule/387af194-2a1b-45d0-be31-13692a682ffa_1767396600
44,Noah Peterson,MAR 29,11 AM,MAR 29,3 PM,"Sun, Mar 29, 11 AM – 3 PM","The Dodging Duck Brewhaus & Restaurant, 402 River Rd",Boerne,TX,https://open.spotify.com/concert/7pqz5htWRmjge2YM6iQmmf
45,Live Music at Valeria Restaurant,JAN 10,6 PM,JAN 11,,"Jan 10, 2026, 6 PM – Jan 11, 2026, 9 PM","Valeria Restaurant, 109 Waterview Pkwy STE 105",Boerne,TX,https://theboernelife.com/events/live-music-at-valeria-restaurant/2026-01-10/
46,Chamber Wednesday Leads Group,FEB 25,11 AM,FEB 25,12 PM,"Wed, Feb 25, 11 AM – 12 PM","Greater Boerne Chamber of Commerce, 121 S Main St",Boerne,TX,https://business.boerne.org/events/details/chamber-wednesday-leads-group-02-25-2026-29323?calendarMonth=2026-02-01
47,Cibolo Farmers Market at Herff Farm,FEB 21,9 AM,FEB 21,1 PM,"Sat, Feb 21, 9 AM – 1 PM","Herff Farm, 33 Herff Rd",Boerne,TX,https://business.boerne.org/events/details/cibolo-farmers-market-at-herff-farm-02-21-2026-29649?calendarMonth=2026-02-01
48,Freestyle Clinic,JAN 2,9:30 PM,JAN 2,,"Fri, Jan 2, 9:00 – 9:30 PM",106 City Park Rd,Boerne,TX,https://www.boerneelite.com/event-details/freestyle-clinic-1
49,Live Music at Valeria Restaurant,JAN 9,6 PM,JAN 10,,"Jan 9, 2026, 6 PM – Jan 10, 2026, 9 PM","Valeria Restaurant, 109 Waterview Pkwy STE 105",Boerne,TX,https://theboernelife.com/events/live-music-at-valeria-restaurant/2026-01-09/
50,Cibolo Farmers Market at Herff Farm,MAR 7,9 AM,MAR 7,1 PM,"Sat, Mar 7, 9 AM – 1 PM","Herff Farm, 33 Herff Rd",Boerne,TX,https://business.boerne.org/events/details/cibolo-farmers-market-at-herff-farm-03-07-2026-29651
51,33rd Annual Open Car Show,APR 18,,APR 18,,"Sat, Apr 18","Hill Country Mile Rod Run, 100 N Main St",Boerne,TX,https://www.traveltexas.com/event/texas-corvette-association-open-car-show/6038/
52,Tapatio New Years Eve Party,DEC 31,11:55 PM CST,DEC 31,,"Wed, Dec 31, 6:30 – 11:55 PM CST","Tapatio Springs Hill Country Resort, 1 Resort Way",Boerne,TX,https://business.boerne.org/events/details/tapatio-new-years-eve-party-32069
53,Luke Daniel,JAN 24,10 PM CST,JAN 24,,"Sat, Jan 24, 6 – 10 PM CST","Free Roam Brewing Company, 325 S Main St",Boerne,TX,https://open.spotify.com/concert/7laFk54e68kDb7x1svd9Wl
54,Cibolo Farmers Market at Herff Farm,JAN 17,9 AM CST,JAN 17,1 PM CST,"Sat, Jan 17, 9 AM – 1 PM CST","Herff Farm, 33 Herff Rd",Boerne,TX,https://business.boerne.org/events/details/cibolo-farmers-market-at-herff-farm-01-17-2026-29644
55,Noah Peterson,MAR 15,11 AM CDT,MAR 15,3 PM CDT,"Sun, Mar 15, 11 AM – 3 PM CDT","The Dodging Duck Brewhaus & Restaurant, 402 River Rd",Boerne,TX,https://open.spotify.com/concert/59aMeOBnNBicFw0ytp2UUn
56,Restorative Yoga at San Antonio Yoga in Boerne,FEB 7,10 AM CST,FEB 7,12 PM CST,"Sat, Feb 7, 10 AM – 12 PM CST","San Antonio Yoga in Boerne, 101 Oak Ridge Dr",Boerne,TX,https://business.boerne.org/events/details/restorivate-yoga-02-07-2026-31524?calendarMonth=2026-02-01
57,Comfort Flow,JAN 29,9 AM CST,JAN 29,,"Thu, Jan 29, 8 – 9 AM CST","Unison Studios: Music Academy, 725 N Main St",Boerne,TX,https://www.groundedmovement.org/schedule/9a48060d-13d3-4d2c-942e-2b86436e2f45_1769695200
58,City Council Meeting,JAN 14,12 AM,JAN 14,,"Wed, Jan 14, 12 AM",447 N Main St,Boerne,TX,https://www.ci.boerne.tx.us/Calendar.aspx?EID=22079
59,Noah Peterson,JAN 25,11 AM CST,JAN 25,3 PM CST,"Sun, Jan 25, 11 AM – 3 PM CST","The Dodging Duck Brewhaus & Restaurant, 402 River Rd",Boerne,TX,https://open.spotify.com/concert/3Ka4prQciObKzHZ6DXMHoP
60,Cibolo Farmers Market at Herff Farm,JAN 31,9 AM CST,JAN 31,1 PM CST,"Sat, Jan 31, 9 AM – 1 PM CST","Herff Farm, 33 Herff Rd",Boerne,TX,https://business.boerne.org/events/details/cibolo-farmers-market-at-herff-farm-01-31-2026-29646
61,Cibolo Farmers Market at Herff Farm,JAN 24,9 AM CST,JAN 24,1 PM CST,"Sat, Jan 24, 9 AM – 1 PM CST","Herff Farm, 33 Herff Rd",Boerne,TX,https://business.boerne.org/events/details/cibolo-farmers-market-at-herff-farm-01-24-2026-29645
62,Wholesome Yoga,JAN 8,10:30 AM CST,JAN 8,,"Thu, Jan 8, 9:30 – 10:30 AM CST","Unison Studios: Music Academy, 725 N Main St",Boerne,TX,https://www.groundedmovement.org/schedule/d84397c9-de40-4689-ae8a-aa3779b55cb4_1767886200
63,Comfort Flow,JAN 22,9 AM CST,JAN 22,,"Thu, Jan 22, 8 – 9 AM CST","Unison Studios: Music Academy, 725 N Main St",Boerne,TX,https://www.groundedmovement.org/schedule/9a48060d-13d3-4d2c-942e-2b86436e2f45_1769090400
64,Comfort Flow,FEB 12,9 AM CST,FEB 12,,"Thu, Feb 12, 8 – 9 AM CST","Unison Studios: Music Academy, 725 N Main St",Boerne,TX,https://www.groundedmovement.org/schedule/9a48060d-13d3-4d2c-942e-2b86436e2f45_1770904800
65,Cibolo Farmers Market at Herff Farm,JAN 10,9 AM CST,JAN 10,1 PM CST,"Sat, Jan 10, 9 AM – 1 PM CST","Herff Farm, 33 Herff Rd",Boerne,TX,https://business.boerne.org/events/details/cibolo-farmers-market-at-herff-farm-01-10-2026-29643
66,Comfort Flow,FEB 5,9 AM CST,FEB 5,,"Thu, Feb 5, 8 – 9 AM CST","Unison Studios: Music Academy, 725 N Main St",Boerne,TX,https://www.groundedmovement.org/schedule/9a48060d-13d3-4d2c-942e-2b86436e2f45_1770300000
67,Noah Peterson,MAY 3,11 AM CDT,MAY 3,3 PM CDT,"Sun, May 3, 11 AM – 3 PM CDT","The Dodging Duck Brewhaus & Restaurant, 402 River Rd",Boerne,TX,https://open.spotify.com/concert/5uNJqTZ1zShNHEWHtoywWi
68,Tyler Preston,JAN 9,10 PM CST,JAN 9,,"Fri, Jan 9, 6 – 10 PM CST","The Dough Joe - Sisterdale, 1211 Sisterdale Rd",Boerne,TX,https://open.spotify.com/concert/20w8hvYHWxYaK45prBaNBX
69,Chamber Wednesday Leads Group,JAN 14,11 AM CST,JAN 14,12 PM CST,"Wed, Jan 14, 11 AM – 12 PM CST","Greater Boerne Chamber of Commerce, 121 S Main St",Boerne,TX,https://business.boerne.org/events/details/chamber-wednesday-leads-group-01-14-2026-29301
70,Cibolo Farmers Market at Herff Farm,FEB 14,9 AM CST,FEB 14,1 PM CST,"Sat, Feb 14, 9 AM – 1 PM CST","Herff Farm, 33 Herff Rd",Boerne,TX,https://business.boerne.org/events/details/cibolo-farmers-market-at-herff-farm-02-14-2026-29648
71,Community Vibes,JAN 16,6:00 PM CST,JAN 16,,"Fri, Jan 16, 5:30 – 6:00 PM CST","Unison Studios: Music Academy, 725 N Main St",Boerne,TX,https://www.groundedmovement.org/schedule/387af194-2a1b-45d0-be31-13692a682ffa_1768606200
72,Nature Box Workshop,JAN 8,9:00 AM CST,JAN 8,12:30 PM CST,"Thu, Jan 8, 9:00 AM – 12:30 PM CST","Cibolo Center for Conservation, 140 City Park Rd",Boerne,TX,https://secure.qgiv.com/for/thecibolocenterforconservation/event/natureboxworkshopjan26
73,Chamber Wednesday Leads Group,FEB 11,11 AM CST,FEB 11,12 PM CST,"Wed, Feb 11, 11 AM – 12 PM CST","Greater Boerne Chamber of Commerce, 121 S Main St",Boerne,TX,https://business.boerne.org/events/details/chamber-wednesday-leads-group-02-11-2026-29302
74,Noah Peterson,APR 26,11 AM CDT,APR 26,3 PM CDT,"Sun, Apr 26, 11 AM – 3 PM CDT","The Dodging Duck Brewhaus & Restaurant, 402 River Rd",Boerne,TX,https://open.spotify.com/concert/07TXTZqR8daLFdswt9x6sQ
75,Winston Cook,FEB 27,9 PM CST,FEB 28,,"Feb 27, 2026, 9 PM – Feb 28, 2026, 1 AM CST","Salvador DOBBS, 512 River Rd",Boerne,TX,https://open.spotify.com/concert/4FDdl3hZtpSNWa6XMKDU8i
76,Community Vibes,JAN 23,6:00 PM CST,JAN 23,,"Fri, Jan 23, 5:30 – 6:00 PM CST","Unison Studios: Music Academy, 725 N Main St",Boerne,TX,https://www.groundedmovement.org/schedule/387af194-2a1b-45d0-be31-13692a682ffa_1769211000
77,HCCFIT HYROX,JAN 10,11:30 AM CST,JAN 10,,"Sat, Jan 10, 10:00 – 11:30 AM CST","Free Roam Brewing Company, 325 S Main St",Boerne,TX,https://theboernelife.com/events/hccfit-hyrox-2/2026-01-10/
78,Reality Readers,MAR 23,1 PM CDT,MAR 23,,"Mon, Mar 23, 12 – 1 PM CDT","Boerne Public Library, 451 N Main St",Boerne,TX,https://theboernelife.com/events/tag/book/map/page/2/?tribe-bar-date=2025-09-21
79,Cibolo Farmers Market at Herff Farm,APR 11,9 AM CDT,APR 11,1 PM CDT,"Sat, Apr 11, 9 AM – 1 PM CDT","Herff Farm, 33 Herff Rd",Boerne,TX,https://business.boerne.org/events/details/cibolo-farmers-market-at-herff-farm-04-11-2026-29656
80,Icing on the Cake,JAN 1,11:15 AM CST,JAN 1,,"Thu, Jan 1, 10:45 – 11:15 AM CST","Unison Studios: Music Academy, 725 N Main St",Boerne,TX,https://www.groundedmovement.org/schedule/decdc5d0-d7f7-41b6-b108-32c22c598c50_1767285900
81,Freestyle Clinic,JAN 2,9:30 PM,JAN 2,,"Fri, Jan 2, 9:00 – 9:30 PM",106 City Park Rd,Boerne,TX,https://www.boerneelite.com/event-details/freestyle-clinic-1
82,Cibolo Farmers Market at Herff Farm,MAR 7,9 AM CST,MAR 7,1 PM CST,"Sat, Mar 7, 9 AM – 1 PM CST","Herff Farm, 33 Herff Rd",Boerne,TX,https://business.boerne.org/events/details/cibolo-farmers-market-at-herff-farm-03-07-2026-29651
83,Art Afterhours Adult Art Classes,DEC 30,9 PM CST,DEC 30,,"Tue, Dec 30, 7 – 9 PM CST","Agricultural Museum and Arts Center, 102 City Park Rd",Boerne,TX,https://theboernelife.com/events/art-afterhours-adult-art-classes-2/2025-12-30/
84,Before 9 Morning Mingle hosted by The Heights Plastic Surgery & Med Spa,JAN 22,10:00 AM CST,JAN 22,,"Thu, Jan 22, 8:45 – 10:00 AM CST","The Heights Plastic Surgery Med Spa, 221 Water St Suite 200B",Boerne,TX,https://business.boerne.org/events/details/before-9-morning-mingle-hosted-by-the-heights-plastic-surgery-med-spa-31955
85,Wholesome Yoga,JAN 22,10:30 AM CST,JAN 22,,"Thu, Jan 22, 9:30 – 10:30 AM CST","Unison Studios: Music Academy, 725 N Main St",Boerne,TX,https://www.groundedmovement.org/schedule/d84397c9-de40-4689-ae8a-aa3779b55cb4_1769095800
86,Second Saturday Book Signing,JAN 10,11 AM CST,JAN 10,1 PM CST,"Sat, Jan 10, 11 AM – 1 PM CST","Boerne Public Library, 451 N Main St",Boerne,TX,https://theboernelife.com/events/second-saturday-book-signing/2026-01-10/
87,Cibolo Farmers Market at Herff Farm,FEB 7,9 AM CST,FEB 7,1 PM CST,"Sat, Feb 7, 9 AM – 1 PM CST","Herff Farm, 33 Herff Rd",Boerne,TX,https://business.boerne.org/events/details/cibolo-farmers-market-at-herff-farm-02-07-2026-29647?calendarMonth=2026-02-01
88,Noah Peterson,MAR 22,11 AM CDT,MAR 22,3 PM CDT,"Sun, Mar 22, 11 AM – 3 PM CDT","The Dodging Duck Brewhaus & Restaurant, 402 River Rd",Boerne,TX,https://open.spotify.com/concert/6xg5Znnb6dg1kAZ69UcXWf
89,Historic Landmark Commission,JAN 6,5:30 PM CST,JAN 6,,"Tue, Jan 6, 5:30 PM CST","Boerne City Hall, 447 N Main St",Boerne,TX,https://www.ci.boerne.tx.us/Calendar.aspx?EID=21973
90,Cibolo Farmers Market at Herff Farm,MAR 28,9 AM CDT,MAR 28,1 PM CDT,"Sat, Mar 28, 9 AM – 1 PM CDT","Herff Farm, 33 Herff Rd",Boerne,TX,https://business.boerne.org/events/details/cibolo-farmers-market-at-herff-farm-03-28-2026-29654?calendarMonth=2026-03-01
91,Nourishing Flow,FEB 9,8 AM,FEB 9,,"Mon, Feb 9, 7 – 8 AM","Unison Studios: Music Academy, 725 N Main St",Boerne,TX,https://www.groundedmovement.org/schedule/004a5260-0a65-45ee-abd4-c4d1aa97429c_1770642000
92,Bluegrass Jam at The AgriCultural,JAN 24,,JAN 24,,"Sat, Jan 24","Agricultural Museum and Arts Center, 102 City Park Rd",Boerne,TX,https://www.tourtexas.com/all-events/83838/Bluegrass-Jam-at-The-AgriCultural
93,DeVino Ladies Night,JAN 15,9 PM,JAN 15,,"Thu, Jan 15, 4 – 9 PM","DeVino Cellars, 1109 S Main St #101",Boerne,TX,http://boernechamber.chambermaster.com/events/details/devino-ladies-night-01-15-2026-31067
94,Nourishing Flow,JAN 19,8 AM,JAN 19,,"Mon, Jan 19, 7 – 8 AM","Unison Studios: Music Academy, 725 N Main St",Boerne,TX,https://www.groundedmovement.org/schedule/004a5260-0a65-45ee-abd4-c4d1aa97429c_1768827600
95,Art Afterhours Adult Art Classes,JAN 13,9 PM,JAN 13,,"Tue, Jan 13, 7 – 9 PM","Agricultural Museum and Arts Center, 102 City Park Rd",Boerne,TX,https://theboernelife.com/events/art-afterhours-adult-art-classes-2/2026-01-13/
96,Community Vibes,FEB 27,6:00 PM,FEB 27,,"Fri, Feb 27, 5:30 – 6:00 PM","Unison Studios: Music Academy, 725 N Main St",Boerne,TX,https://www.groundedmovement.org/schedule/387af194-2a1b-45d0-be31-13692a682ffa_1772235000
97,DeVino Ladies Night,JAN 22,9 PM,JAN 22,,"Thu, Jan 22, 4 – 9 PM","DeVino Cellars, 1109 S Main St #101",Boerne,TX,http://boernechamber.chambermaster.com/events/details/devino-ladies-night-01-22-2026-31068
98,Icing on the Cake,JAN 8,1:30 PM,JAN 8,,"Thu, Jan 8, 1:00 – 1:30 PM","Unison Studios: Music Academy, 725 N Main St",Boerne,TX,https://www.groundedmovement.org/schedule/d3db2aaf-6a71-472b-9a34-1ab708641a8a_1767898800
99,Nourishing Flow,JAN 26,8 AM,JAN 26,,"Mon, Jan 26, 7 – 8 AM","Unison Studios: Music Academy, 725 N Main St",Boerne,TX,https://www.groundedmovement.org/schedule/004a5260-0a65-45ee-abd4-c4d1aa97429c_1769432400
100,Spiritual Boot Camp: Basic Training,JAN 10,9:30 AM,JAN 11,,"Jan 10, 2026, 9:30 AM – Jan 11, 2026, 5:00 PM","Comfort Inn & Suites Texas Hill Country, 35000 I-10",Boerne,TX,https://www.eventbrite.com/e/spiritual-boot-camp-basic-training-tickets-1976218483683
101,DeVino Ladies Night,FEB 12,9 PM CST,FEB 12,,"Thu, Feb 12, 4 – 9 PM CST","DeVino Cellars, 1109 S Main St #101",Boerne,TX,https://business.boerne.org/events/details/devino-ladies-night-02-12-2026-31071?calendarMonth=2026-02-01
102,Xtra Sauce,DEC 31,11:15 AM CST,DEC 31,12:15 PM CST,"Wed, Dec 31, 11:15 AM – 12:15 PM CST","Unison Studios: Music Academy, 725 N Main St",Boerne,TX,https://www.groundedmovement.org/schedule/1e8a4a9a-40ec-4ad0-831a-59bd01b60126_1767201300
103,Blakgraz LIVE at Tapatio Springs Hill Country Resort,JAN 2,11 PM CST,JAN 2,,"Fri, Jan 2, 7 – 11 PM CST","Tapatio Springs Hill Country Resort, 1 Resort Way",Boerne,TX,https://www.mysanantonio.com/entertainment/?_evDiscoveryPath=/event/107666073n-blakgraz-live-at-tapatio-springs-hill-country-resort
104,Nourishing Flow,FEB 2,8 AM CST,FEB 2,,"Mon, Feb 2, 7 – 8 AM CST","Unison Studios: Music Academy, 725 N Main St",Boerne,TX,https://www.groundedmovement.org/schedule/004a5260-0a65-45ee-abd4-c4d1aa97429c_1770037200
105,Boerne Champion Charger Relays,FEB 5,,FEB 5,,"Thu, Feb 5","Boerne High School, 1 Greyhound Ln",Boerne,TX,https://tx.milesplit.com/meets/710352-boerne-champion-charger-relays-2026/info
106,Nourishing Flow,FEB 16,8 AM CST,FEB 16,,"Mon, Feb 16, 7 – 8 AM CST","Unison Studios: Music Academy, 725 N Main St",Boerne,TX,https://www.groundedmovement.org/schedule/004a5260-0a65-45ee-abd4-c4d1aa97429c_1771246800
107,Nourishing Flow,FEB 23,8 AM CST,FEB 23,,"Mon, Feb 23, 7 – 8 AM CST","Unison Studios: Music Academy, 725 N Main St",Boerne,TX,https://www.groundedmovement.org/schedule/004a5260-0a65-45ee-abd4-c4d1aa97429c_1771851600
108,Julian Escobedo,JAN 10,10 PM CST,JAN 10,,"Sat, Jan 10, 6 – 10 PM CST","Free Roam Brewing Company, 325 S Main St",Boerne,TX,https://open.spotify.com/concert/5A9xsgyxXR12diucswiH1d
109,Art Afterhours Adult Art Classes,FEB 10,9 PM CST,FEB 10,,"Tue, Feb 10, 7 – 9 PM CST","Agricultural Museum and Arts Center, 102 City Park Rd",Boerne,TX,https://theboernelife.com/events/art-afterhours-adult-art-classes-2/2026-02-10/
110,Art Afterhours Adult Art Classes,FEB 17,9 PM CST,FEB 17,,"Tue, Feb 17, 7 – 9 PM CST","Agricultural Museum and Arts Center, 102 City Park Rd",Boerne,TX,https://theboernelife.com/events/art-afterhours-adult-art-classes-2/2026-02-17/
111,Winston Cook,FEB 27,9 PM CST,FEB 28,,"Feb 27, 2026, 9 PM – Feb 28, 2026, 1 AM CST","Salvador DOBBS, 512 River Rd",Boerne,TX,https://open.spotify.com/concert/4FDdl3hZtpSNWa6XMKDU8i
112,HCCFIT HYROX,JAN 10,11:30 AM CST,JAN 10,,"Sat, Jan 10, 10:00 – 11:30 AM CST","Free Roam Brewing Company, 325 S Main St",Boerne,TX,https://theboernelife.com/events/hccfit-hyrox-2/2026-01-10/
113,Cibolo Farmers Market at Herff Farm,APR 11,9 AM CDT,APR 11,1 PM CDT,"Sat, Apr 11, 9 AM – 1 PM CDT","Herff Farm, 33 Herff Rd",Boerne,TX,https://business.boerne.org/events/details/cibolo-farmers-market-at-herff-farm-04-11-2026-29656
114,Icing on the Cake,JAN 1,11:15 AM CST,JAN 1,,"Thu, Jan 1, 10:45 – 11:15 AM CST","Unison Studios: Music Academy, 725 N Main St",Boerne,TX,https://www.groundedmovement.org/schedule/decdc5d0-d7f7-41b6-b108-32c22c598c50_1767285900
115,Colleen Michelle Miller,FEB 27,10 PM CST,FEB 27,,"Fri, Feb 27, 6 – 10 PM CST","Free Roam Brewing Company, 325 S Main St",Boerne,TX,https://seguingazette.com/local-events/?_evDiscoveryPath=/event/107701563n-colleen-michelle-miller
116,Bluegrass Jam at The AgriCultural,FEB 14,,FEB 14,,"Sat, Feb 14","Agricultural Museum and Arts Center, 102 City Park Rd",Boerne,TX,https://www.tourtexas.com/all-events/83846/Bluegrass-Jam-at-The-AgriCultural
117,Bluegrass Jam at The AgriCultural,JAN 10,,JAN 10,,"Sat, Jan 10","Agricultural Museum and Arts Center, 102 City Park Rd",Boerne,TX,https://www.tourtexas.com/all-events/83833/Bluegrass-Jam-at-The-AgriCultural
118,Xtra Sauce,APR 30,11:30 AM CDT,APR 30,12:00 PM CDT,"Thu, Apr 30, 11:30 AM – 12:00 PM CDT","Unison Studios: Music Academy, 725 N Main St",Boerne,TX,https://www.groundedmovement.org/schedule/38c0bb54-2196-435a-b143-f9bd06a87a17_1777566600
119,Nourishing Flow,JAN 12,8 AM CST,JAN 12,,"Mon, Jan 12, 7 – 8 AM CST","Unison Studios: Music Academy, 725 N Main St",Boerne,TX,https://www.groundedmovement.org/schedule/004a5260-0a65-45ee-abd4-c4d1aa97429c_1768222800
120,DeVino Ladies Night,JAN 8,9 PM CST,JAN 8,,"Thu, Jan 8, 4 – 9 PM CST","DeVino Cellars, 1109 S Main St #101",Boerne,TX,http://boernechamber.chambermaster.com/events/details/devino-ladies-night-01-08-2026-31066
121,Nourishing Flow,MAR 9,8 AM CDT,MAR 9,,"Mon, Mar 9, 7 – 8 AM CDT","Unison Studios: Music Academy, 725 N Main St",Boerne,TX,https://www.groundedmovement.org/schedule/004a5260-0a65-45ee-abd4-c4d1aa97429c_1773057600
122,Building Basics,JAN 7,11 AM CST,JAN 7,,"Wed, Jan 7, 10 – 11 AM CST","Unison Studios: Music Academy, 725 N Main St",Boerne,TX,https://www.groundedmovement.org/schedule/40c349da-d9d1-4f37-9e41-e624754b07c2_1767801600
123,Boerne Market Days,JUN 13,10 AM CDT,JUN 13,5 PM CDT,"Sat, Jun 13, 10 AM – 5 PM CDT",Main Plaza,Boerne,TX,http://boernechamber.chambermaster.com/events/details/boerne-market-days-06-13-2026-30343
124,Restorative Yoga at San Antonio Yoga in Boerne,MAY 2,10 AM CDT,MAY 2,12 PM CDT,"Sat, May 2, 10 AM – 12 PM CDT","San Antonio Yoga in Boerne, 101 Oak Ridge Dr",Boerne,TX,http://boernechamber.chambermaster.com/events/details/restorivate-yoga-05-02-2026-31527
125,Nourishing Flow,MAR 30,8 AM CDT,MAR 30,,"Mon, Mar 30, 7 – 8 AM CDT","Unison Studios: Music Academy, 725 N Main St",Boerne,TX,https://www.groundedmovement.org/schedule/004a5260-0a65-45ee-abd4-c4d1aa97429c_1774872000
126,Nourishing Flow,APR 6,8 AM CDT,APR 6,,"Mon, Apr 6, 7 – 8 AM CDT","Unison Studios: Music Academy, 725 N Main St",Boerne,TX,https://www.groundedmovement.org/schedule/004a5260-0a65-45ee-abd4-c4d1aa97429c_1775476800
127,Xtra Sauce,JAN 1,11:30 AM CST,JAN 1,12:00 PM CST,"Thu, Jan 1, 11:30 AM – 12:00 PM CST","Unison Studios: Music Academy, 725 N Main St",Boerne,TX,https://www.groundedmovement.org/schedule/38c0bb54-2196-435a-b143-f9bd06a87a17_1767288600
128,Quintessential Classics with The Woodland Winds,JAN 17,7 PM CST,JAN 17,,"Sat, Jan 17, 7 PM CST","Cave Without A Name, 325 Kreutzberg Rd",Boerne,TX,https://www.facebook.com/events/325-kreutzberg-rd-boerne-tx-united-states-texas-78006/quintessential-classics-with-the-woodland-winds/2634712710216288/
129,Crafternoon for Teens,MAY 13,5:30 PM CDT,MAY 13,,"Wed, May 13, 4:30 – 5:30 PM CDT","Boerne Public Library, 451 N Main St",Boerne,TX,https://theboernelife.com/events/crafternoon-for-teens-2-2/2026-05-13/
130,"Yin, Meditation, & Mindfulness",JAN 4,6:30 PM CST,JAN 4,,"Sun, Jan 4, 5:00 – 6:30 PM CST","Unison Studios: Music Academy, 725 N Main St",Boerne,TX,https://www.groundedmovement.org/schedule/d9843048-bc54-4bd0-924b-31230f56324e_1767567600
131,Planning and Zoning Commission Meeting,JAN 5,6 PM,JAN 5,,"Mon, Jan 5, 6 PM","Boerne City Hall, 447 N Main St",Boerne,TX,https://www.ci.boerne.tx.us/calendar.aspx?PREVIEW=YES&EID=21867
132,Ribbon Cutting for Davies Digital Solutions,JAN 13,2:00 PM,JAN 13,,"Tue, Jan 13, 1:30 – 2:00 PM","Greater Boerne Chamber of Commerce, 121 S Main St",Boerne,TX,https://business.boerne.org/events/details/ribbon-cutting-for-birdseye-pro-construction-32026
133,Comfort Flow,JAN 1,9 AM,JAN 1,,"Thu, Jan 1, 8 – 9 AM","Unison Studios: Music Academy, 725 N Main St",Boerne,TX,https://www.groundedmovement.org/schedule/9a48060d-13d3-4d2c-942e-2b86436e2f45_1767276000
134,Noah Peterson,JAN 18,11 AM,JAN 18,3 PM,"Sun, Jan 18, 11 AM – 3 PM","The Dodging Duck Brewhaus & Restaurant, 402 River Rd",Boerne,TX,https://open.spotify.com/concert/6zttl4kK2eM4bV7wQT2uQH
135,Cibolo Farmers Market at Herff Farm,MAY 30,9 AM,MAY 30,1 PM,"Sat, May 30, 9 AM – 1 PM","Herff Farm, 33 Herff Rd",Boerne,TX,https://business.boerne.org/events/details/cibolo-farmers-market-at-herff-farm-05-30-2026-29663?calendarMonth=2026-05-01
136,Erica Daniels,FEB 14,9 PM,FEB 15,,"Feb 14, 2026, 9 PM – Feb 15, 2026, 1 AM","Salvador DOBBS, 512 River Rd",Boerne,TX,https://open.spotify.com/concert/57SlF5QRDPqD6tWsCpNyVx
137,Icing on the Cake,FEB 12,1:30 PM,FEB 12,,"Thu, Feb 12, 1:00 – 1:30 PM","Unison Studios: Music Academy, 725 N Main St",Boerne,TX,https://www.groundedmovement.org/schedule/d3db2aaf-6a71-472b-9a34-1ab708641a8a_1770922800
138,Author Event/Book Signing — Eric Gonzales The Writer,JAN 10,12 PM,JAN 10,,"Sat, Jan 10, 12 PM","The Boerne Bookshop, 153 S Main St Ste 120",Boerne,TX,https://www.ericgonzaleswriter.com/events/author-eventbook-signing
139,Xtra Sauce,JAN 8,11:30 AM,JAN 8,12:00 PM,"Thu, Jan 8, 11:30 AM – 12:00 PM","Unison Studios: Music Academy, 725 N Main St",Boerne,TX,https://www.groundedmovement.org/schedule/38c0bb54-2196-435a-b143-f9bd06a87a17_1767893400
140,HCCFIT HYROX,MAR 7,11:30 AM,MAR 7,,"Sat, Mar 7, 10:00 – 11:30 AM","Free Roam Brewing Company, 325 S Main St",Boerne,TX,https://theboernelife.com/events/hccfit-hyrox-2-2/2026-03-07/
141,Art Afterhours Adult Art Classes,FEB 3,,FEB 3,,"Tue, Feb 3, 7:00–9:00 p.m. CST","Agricultural Museum and Arts Center, 102 City Park Rd",Boerne,TX,https://theboernelife.com/events/art-afterhours-adult-art-classes-2/2026-02-03/
142,Herff Farm Storytime,JAN 17,,JAN 17,,"Sat, Jan 17, 10:30 a.m. CST","Patrick Heath Public Library, 451 N Main St",Boerne,TX,https://sanantonio.kidsoutandabout.com/content/herff-farm-storytime
143,City Council Meeting,JAN 27,,JAN 27,,"Tue, Jan 27, 6:00 p.m. CST","Boerne City Hall, 447 N Main St",Boerne,TX,https://www.ci.boerne.tx.us/Calendar.aspx?EID=22175
144,Building Basics,DEC 31,,DEC 31,,"Wed, Dec 31, 10:00–11:00 a.m. CST","Unison Studios: Music Academy, 725 N Main St",Boerne,TX,https://www.groundedmovement.org/schedule/40c349da-d9d1-4f37-9e41-e624754b07c2_1767196800
145,Nourishing Flow,FEB 16,,FEB 16,,"Mon, Feb 16, 7:00–8:00 a.m. CST","Unison Studios: Music Academy, 725 N Main St",Boerne,TX,https://www.groundedmovement.org/schedule/004a5260-0a65-45ee-abd4-c4d1aa97429c_1771246800
146,Nourishing Flow,FEB 23,,FEB 23,,"Mon, Feb 23, 7:00–8:00 a.m. CST","Unison Studios: Music Academy, 725 N Main St",Boerne,TX,https://www.groundedmovement.org/schedule/004a5260-0a65-45ee-abd4-c4d1aa97429c_1771851600
147,Quintessential Classics with The Woodland Winds,JAN 17,,JAN 17,,"Sat, Jan 17, 7:00 p.m. CST","Cave Without A Name, 325 Kreutzberg Rd",Boerne,TX,https://www.facebook.com/events/325-kreutzberg-rd-boerne-tx-united-states-texas-78006/quintessential-classics-with-the-woodland-winds/2634712710216288/
148,Crafternoon for Teens,MAY 13,,MAY 13,,"Wed, May 13, 4:30–5:30 p.m. CDT","Boerne Public Library, 451 N Main St",Boerne,TX,https://theboernelife.com/events/crafternoon-for-teens-2-2/2026-05-13/
149,Icing on the Cake,JAN 15,,JAN 15,,"Thu, Jan 15, 1:00–1:30 p.m. CST","Unison Studios: Music Academy, 725 N Main St",Boerne,TX,https://www.groundedmovement.org/schedule/d3db2aaf-6a71-472b-9a34-1ab708641a8a_1768503600
150,Xtra Sauce,DEC 31,,DEC 31,,"Wed, Dec 31, 11:15 a.m.–12:15 p.m. CST","Unison Studios: Music Academy, 725 N Main St",Boerne,TX,https://www.groundedmovement.org/schedule/1e8a4a9a-40ec-4ad0-831a-59bd01b60126_1767201300
151,Restorative Yoga at San Antonio Yoga in Boerne,MAY 2,10 AM CDT,MAY 2,12 PM CDT,"Sat, May 2, 10 AM – 12 PM CDT","San Antonio Yoga in Boerne, 101 Oak Ridge Dr",Boerne,TX,http://boernechamber.chambermaster.com/events/details/restorivate-yoga-05-02-2026-31527
152,Building Basics,JAN 7,11 AM CST,JAN 7,,"Wed, Jan 7, 10 – 11 AM CST","Unison Studios: Music Academy, 725 N Main St",Boerne,TX,https://www.groundedmovement.org/schedule/40c349da-d9d1-4f37-9e41-e624754b07c2_1767801600
153,Nourishing Flow,MAR 30,8 AM CDT,MAR 30,,"Mon, Mar 30, 7 – 8 AM CDT","Unison Studios: Music Academy, 725 N Main St",Boerne,TX,https://www.groundedmovement.org/schedule/004a5260-0a65-45ee-abd4-c4d1aa97429c_1774872000
154,Nourishing Flow,APR 6,8 AM CDT,APR 6,,"Mon, Apr 6, 7 – 8 AM CDT","Unison Studios: Music Academy, 725 N Main St",Boerne,TX,https://www.groundedmovement.org/schedule/004a5260-0a65-45ee-abd4-c4d1aa97429c_1775476800
155,Xtra Sauce,JAN 1,11:30 AM CST,JAN 1,12:00 PM CST,"Thu, Jan 1, 11:30 AM – 12:00 PM CST","Unison Studios: Music Academy, 725 N Main St",Boerne,TX,https://www.groundedmovement.org/schedule/38c0bb54-2196-435a-b143-f9bd06a87a17_1767288600
156,Quintessential Classics with The Woodland Winds,JAN 17,7 PM CST,JAN 17,,"Sat, Jan 17, 7 PM CST","Cave Without A Name, 325 Kreutzberg Rd",Boerne,TX,https://www.facebook.com/events/325-kreutzberg-rd-boerne-tx-united-states-texas-78006/quintessential-classics-with-the-woodland-winds/2634712710216288/
157,Crafternoon for Teens,MAY 13,5:30 PM CDT,MAY 13,,"Wed, May 13, 4:30 – 5:30 PM CDT","Boerne Public Library, 451 N Main St",Boerne,TX,https://theboernelife.com/events/crafternoon-for-teens-2-2/2026-05-13/
158,Planning and Zoning Commission Meeting,JAN 5,6 PM CST,JAN 5,,"Mon, Jan 5, 6 PM CST","Boerne City Hall, 447 N Main St",Boerne,TX,https://www.ci.boerne.tx.us/calendar.aspx?PREVIEW=YES&EID=21867
159,"Yin, Meditation, & Mindfulness",JAN 4,6:30 PM CST,JAN 4,,"Sun, Jan 4, 5:00 – 6:30 PM CST","Unison Studios: Music Academy, 725 N Main St",Boerne,TX,https://www.groundedmovement.org/schedule/d9843048-bc54-4bd0-924b-31230f56324e_1767567600
160,Ribbon Cutting for Davies Digital Solutions,JAN 13,2:00 PM CST,JAN 13,,"Tue, Jan 13, 1:30 – 2:00 PM CST","Greater Boerne Chamber of Commerce, 121 S Main St",Boerne,TX,https://business.boerne.org/events/details/ribbon-cutting-for-birdseye-pro-construction-32026
161,Noah Peterson,JAN 18,11 AM CST,JAN 18,3 PM CST,"Sun, Jan 18, 11 AM – 3 PM CST","The Dodging Duck Brewhaus & Restaurant, 402 River Rd",Boerne,TX,https://open.spotify.com/concert/6zttl4kK2eM4bV7wQT2uQH
162,Cibolo Farmers Market at Herff Farm,MAY 30,9 AM CDT,MAY 30,1 PM CDT,"Sat, May 30, 9 AM – 1 PM CDT","Herff Farm, 33 Herff Rd",Boerne,TX,https://business.boerne.org/events/details/cibolo-farmers-market-at-herff-farm-05-30-2026-29663?calendarMonth=2026-05-01
163,Icing on the Cake,FEB 12,1:30 PM CST,FEB 12,,"Thu, Feb 12, 1:00 – 1:30 PM CST","Unison Studios: Music Academy, 725 N Main St",Boerne,TX,https://www.groundedmovement.org/schedule/d3db2aaf-6a71-472b-9a34-1ab708641a8a_1770922800
164,Erica Daniels,FEB 14,9 PM CST,FEB 15,,"Feb 14, 2026, 9 PM – Feb 15, 2026, 1 AM CST","Salvador DOBBS, 512 River Rd",Boerne,TX,https://open.spotify.com/concert/57SlF5QRDPqD6tWsCpNyVx
165,HCCFIT HYROX,MAR 7,11:30 AM CST,MAR 7,,"Sat, Mar 7, 10:00 – 11:30 AM CST","Free Roam Brewing Company, 325 S Main St",Boerne,TX,https://theboernelife.com/events/hccfit-hyrox-2-2/2026-03-07/
166,Xtra Sauce,JAN 8,11:30 AM CST,JAN 8,12:00 PM CST,"Thu, Jan 8, 11:30 AM – 12:00 PM CST","Unison Studios: Music Academy, 725 N Main St",Boerne,TX,https://www.groundedmovement.org/schedule/38c0bb54-2196-435a-b143-f9bd06a87a17_1767893400
167,Madison at Boerne-Champion,FEB 27,6:45 PM CST,FEB 27,,"Fri, Feb 27, 5:00 – 6:45 PM CST","Boerne-Samuel V. Champion High School, 201 Charger Blvd",Boerne,TX,https://www.maxpreps.com/tx/boerne/boerne-champion-chargers/softball/jv/schedule/
168,Icing on the Cake,MAR 12,1:30 PM CDT,MAR 12,,"Thu, Mar 12, 1:00 – 1:30 PM CDT","Unison Studios: Music Academy, 725 N Main St",Boerne,TX,https://www.groundedmovement.org/schedule/d3db2aaf-6a71-472b-9a34-1ab708641a8a_1773338400
169,Mobility Snack,DEC 31,12:30 PM CST,DEC 31,,"Wed, Dec 31, 12:00 – 12:30 PM CST","Unison Studios: Music Academy, 725 N Main St",Boerne,TX,https://www.groundedmovement.org/schedule/b0f894ad-8496-4c4c-96a3-1723b5f340df_1767204000
170,Lacy Brinson,MAR 6,10 PM CST,MAR 6,,"Fri, Mar 6, 6 – 10 PM CST","The Clubs of Cordillera Ranch, 1092 Clubs Dr",Boerne,TX,https://open.spotify.com/concert/1AQKMI1aWBHBAmtX43w6iF
171,Icing on the Cake,MAR 12,1:30 PM CDT,MAR 12,,"Thu, Mar 12, 1:00 – 1:30 PM CDT","Unison Studios: Music Academy, 725 N Main St",Boerne,TX,https://www.groundedmovement.org/schedule/d3db2aaf-6a71-472b-9a34-1ab708641a8a_1773338400
172,Lacy Brinson,MAR 6,10 PM CST,MAR 6,,"Fri, Mar 6, 6 – 10 PM CST","The Clubs of Cordillera Ranch, 1092 Clubs Dr",Boerne,TX,https://open.spotify.com/concert/1AQKMI1aWBHBAmtX43w6iF
173,Mobility Snack,DEC 31,12:30 PM CST,DEC 31,,"Wed, Dec 31, 12:00 – 12:30 PM CST","Unison Studios: Music Academy, 725 N Main St",Boerne,TX,https://www.groundedmovement.org/schedule/b0f894ad-8496-4c4c-96a3-1723b5f340df_1767204000
174,Icing on the Cake,FEB 26,1:30 PM CST,FEB 26,,"Thu, Feb 26, 1:00 – 1:30 PM CST","Unison Studios: Music Academy, 725 N Main St",Boerne,TX,https://www.groundedmovement.org/schedule/d3db2aaf-6a71-472b-9a34-1ab708641a8a_1772132400
175,Champion HS Blood Cancer United Hope in Motion 5k,FEB 28,8 AM CST,FEB 28,12 PM CST,"Sat, Feb 28, 8 AM – 12 PM CST","Boerne-Samuel V. Champion High School, 201 Charger Blvd",Boerne,TX,https://www.mysanantonio.com/entertainment/?_evDiscoveryPath=/event/85038c-champion-hs-blood-cancer-united-hope-in-motion-5k
176,HCCFIT HYROX,FEB 7,11:30 AM CST,FEB 7,,"Sat, Feb 7, 10:00 – 11:30 AM CST","Free Roam Brewing Company, 325 S Main St",Boerne,TX,https://theboernelife.com/events/hccfit-hyrox-2-2/2026-02-07/
177,Mobility Snack,JAN 1,12:45 PM CST,JAN 1,,"Thu, Jan 1, 12:15 – 12:45 PM CST","Unison Studios: Music Academy, 725 N Main St",Boerne,TX,https://www.groundedmovement.org/schedule/d4b112b7-52cd-4d3b-aea8-d022d437f8de_1767291300
178,Building Basics,JAN 14,11 AM CST,JAN 14,,"Wed, Jan 14, 10 – 11 AM CST","Unison Studios: Music Academy, 725 N Main St",Boerne,TX,https://www.groundedmovement.org/schedule/40c349da-d9d1-4f37-9e41-e624754b07c2_1768406400
179,Xtra Sauce,JAN 14,11:15 AM CST,JAN 14,12:15 PM CST,"Wed, Jan 14, 11:15 AM – 12:15 PM CST","Unison Studios: Music Academy, 725 N Main St",Boerne,TX,https://www.groundedmovement.org/schedule/1e8a4a9a-40ec-4ad0-831a-59bd01b60126_1768410900
180,Chamber Thursday Leads Group,JUN 11,10 AM CDT,JUN 11,,"Thu, Jun 11, 9 – 10 AM CDT","Greater Boerne Chamber of Commerce, 121 S Main St",Boerne,TX,http://boernechamber.chambermaster.com/events/details/chamber-thursday-leads-group-06-11-2026-29348
181,Nourishing Flow,APR 13,8 AM CDT,APR 13,,"Mon, Apr 13, 7 – 8 AM CDT","Unison Studios: Music Academy, 725 N Main St",Boerne,TX,https://www.groundedmovement.org/schedule/004a5260-0a65-45ee-abd4-c4d1aa97429c_1776081600
182,Xtra Sauce,FEB 4,11:15 AM CST,FEB 4,12:15 PM CST,"Wed, Feb 4, 11:15 AM – 12:15 PM CST","Unison Studios: Music Academy, 725 N Main St",Boerne,TX,https://www.groundedmovement.org/schedule/1e8a4a9a-40ec-4ad0-831a-59bd01b60126_1770225300
183,Xtra Sauce,MAR 4,11:15 AM CST,MAR 4,12:15 PM CST,"Wed, Mar 4, 11:15 AM – 12:15 PM CST","Unison Studios: Music Academy, 725 N Main St",Boerne,TX,https://www.groundedmovement.org/schedule/1e8a4a9a-40ec-4ad0-831a-59bd01b60126_1772644500
184,Ribbon Cutting for Shelley Goldblum WinePro,JAN 22,4:00 PM CST,JAN 22,,"Thu, Jan 22, 3:30 – 4:00 PM CST","Greater Boerne Chamber of Commerce, 121 S Main St",Boerne,TX,https://business.boerne.org/events/details/ribbon-cutting-for-shelley-goldblum-winepro-32047
185,Icing on the Cake,APR 9,1:30 PM CDT,APR 9,,"Thu, Apr 9, 1:00 – 1:30 PM CDT","Unison Studios: Music Academy, 725 N Main St",Boerne,TX,https://www.groundedmovement.org/schedule/d3db2aaf-6a71-472b-9a34-1ab708641a8a_1775757600
186,Building Basics,JAN 21,11 AM CST,JAN 21,,"Wed, Jan 21, 10 – 11 AM CST","Unison Studios: Music Academy, 725 N Main St",Boerne,TX,https://www.groundedmovement.org/schedule/40c349da-d9d1-4f37-9e41-e624754b07c2_1769011200
187,Xtra Sauce,JAN 28,11:15 AM CST,JAN 28,12:15 PM CST,"Wed, Jan 28, 11:15 AM – 12:15 PM CST","Unison Studios: Music Academy, 725 N Main St",Boerne,TX,https://www.groundedmovement.org/schedule/1e8a4a9a-40ec-4ad0-831a-59bd01b60126_1769620500
188,Mobility Snack,JAN 7,12:30 PM CST,JAN 7,,"Wed, Jan 7, 12:00 – 12:30 PM CST","Unison Studios: Music Academy, 725 N Main St",Boerne,TX,https://www.groundedmovement.org/schedule/b0f894ad-8496-4c4c-96a3-1723b5f340df_1767808800
189,Xtra Sauce,JAN 22,11:30 AM CST,JAN 22,12:00 PM CST,"Thu, Jan 22, 11:30 AM – 12:00 PM CST","Unison Studios: Music Academy, 725 N Main St",Boerne,TX,https://www.groundedmovement.org/schedule/38c0bb54-2196-435a-b143-f9bd06a87a17_1769103000
190,Dinner and Dinos at Tapatio Springs Hill Country Resort,JAN 10,7:30 PM CST,JAN 10,,"Sat, Jan 10, 5:30 – 7:30 PM CST","Tapatio Springs Hill Country Resort, 1 Resort Way",Boerne,TX,https://business.boerne.org/events/details/dinner-and-dinos-at-tapatio-springs-hill-country-resort-32048
191,Xtra Sauce,JAN 21,11:15 AM,JAN 21,12:15 PM,"Wed, Jan 21, 11:15 AM – 12:15 PM","Unison Studios: Music Academy, 725 N Main St",Boerne,TX,https://www.groundedmovement.org/schedule/1e8a4a9a-40ec-4ad0-831a-59bd01b60126_1769015700
192,Xtra Sauce,JAN 15,11:30 AM,JAN 15,12:00 PM,"Thu, Jan 15, 11:30 AM – 12:00 PM","Unison Studios: Music Academy, 725 N Main St",Boerne,TX,https://www.groundedmovement.org/schedule/38c0bb54-2196-435a-b143-f9bd06a87a17_1768498200
193,Building Basics,FEB 11,11 AM,FEB 11,,"Wed, Feb 11, 10 – 11 AM","Unison Studios: Music Academy, 725 N Main St",Boerne,TX,https://www.groundedmovement.org/schedule/40c349da-d9d1-4f37-9e41-e624754b07c2_1770825600
194,"Yin, Meditation, & Mindfulness",JAN 18,6:30 PM,JAN 18,,"Sun, Jan 18, 5:00 – 6:30 PM","Unison Studios: Music Academy, 725 N Main St",Boerne,TX,https://www.groundedmovement.org/schedule/d9843048-bc54-4bd0-924b-31230f56324e_1768777200
195,Xtra Sauce,FEB 11,11:15 AM,FEB 11,12:15 PM,"Wed, Feb 11, 11:15 AM – 12:15 PM","Unison Studios: Music Academy, 725 N Main St",Boerne,TX,https://www.groundedmovement.org/schedule/1e8a4a9a-40ec-4ad0-831a-59bd01b60126_1770830100
196,"Yin, Meditation, & Mindfulness",JAN 11,5:30 PM,JAN 11,,"Sun, Jan 11, 4:00 – 5:30 PM","Unison Studios: Music Academy, 725 N Main St",Boerne,TX,https://www.groundedmovement.org/schedule/3e3551c5-3e17-4fbb-88c2-5de02cf61be7_1768168800
197,Xtra Sauce,FEB 19,11:30 AM,FEB 19,12:00 PM,"Thu, Feb 19, 11:30 AM – 12:00 PM","Unison Studios: Music Academy, 725 N Main St",Boerne,TX,https://www.groundedmovement.org/schedule/38c0bb54-2196-435a-b143-f9bd06a87a17_1771522200
198,Xtra Sauce,MAR 12,11:30 AM,MAR 12,12:00 PM,"Thu, Mar 12, 11:30 AM – 12:00 PM","Unison Studios: Music Academy, 725 N Main St",Boerne,TX,https://www.groundedmovement.org/schedule/38c0bb54-2196-435a-b143-f9bd06a87a17_1773333000
199,Xtra Sauce,FEB 18,11:15 AM,FEB 18,12:15 PM,"Wed, Feb 18, 11:15 AM – 12:15 PM","Unison Studios: Music Academy, 725 N Main St",Boerne,TX,https://www.groundedmovement.org/schedule/1e8a4a9a-40ec-4ad0-831a-59bd01b60126_1771434900
200,Xtra Sauce,JAN 29,11:30 AM,JAN 29,12:00 PM,"Thu, Jan 29, 11:30 AM – 12:00 PM","Unison Studios: Music Academy, 725 N Main St",Boerne,TX,https://www.groundedmovement.org/schedule/38c0bb54-2196-435a-b143-f9bd06a87a17_1769707800